ethane,CC,AAB
3HB_monomer,OC(C)CC(=O)O,AAC
3HB_trimer,OC(C)CC(=O)OC(C)CC(=O)OC(C)CC(=O)O,AAD
butane,CCCC,AAE
head_3HB_trimer,hOC(C)CC(=O)OC(C)CC(=O)OC(C)CC(=O)O,hAD
mainchain_3HB_trimer,mOC(C)CC(=O)OC(C)CC(=O)OC(C)CC(=O)O,mAD
tail_3HB_trimer,tOC(C)CC(=O)OC(C)CC(=O)OC(C)CC(=O)O,tAD
head_r3HB_trimer,hOC(C)CC(=O)OC(C)CC(=O)OC(C)CC(=O)O,hAF
mainchain_r3HB_trimer,mOC(C)CC(=O)OC(C)CC(=O)OC(C)CC(=O)O,mAF
tail_r3HB_trimer,tOC(C)CC(=O)OC(C)CC(=O)OC(C)CC(=O)O,tAF
r3HB_trimer,OC(C)CC(=O)OC(C)CC(=O)OC(C)CC(=O)O,AAF
2-methylPhenol,CC1=CC=CC=C1O,AAG
4-methyl-12-Benzenediol,CC1=CC(=C(C=C1)O)O,AAH
23-Dimethylhydroquinone,CC1=C(C=CC(=C1C)O)O,AAI
Phenol,C1=CC=C(C=C1)O,AAJ
24-dimethylPhenol,CC1=CC(=C(C=C1)O)C,AAK
4-Ethylcatechol,CCC1=CC(=C(C=C1)O)O,AAL
3-methylPhenol,CC1=CC(=CC=C1)O,AAM
4-ethylPhenol,CCC1=CC=C(C=C1)O,AAN
2-Methoxy-4-vinylphenol,COC1=C(C=CC(=C1)C=C)O,AAO
Catechol,C1=CC=C(C(=C1)O)O,AAP
cis-Vaccenicacid,CCCCCCC=CCCCCCCCCCC(=O)O,AAQ
2-ethyl-5-methyl-Phenol,CCC1=C(C=C(C=C1)C)O,AAR
4-ethyl-2-methoxyPhenol,CCC1=CC(=C(C=C1)O)OC,AAS
2-methoxyPhenol,COC1=CC=CC=C1O,AAT
Furfural,C1=COC(=C1)C=O,AAU
2-methoxy-4-1-propenyl-Phenol,CC=CC1=CC(=C(C=C1)O)OC,AAV
2-methyl-13-Benzenediol,CC1=C(C=CC=C1O)O,AAW
34-dimethylPhenol,CC1=C(C=C(C=C1)O)C,AAX
26-dimethyl-14-Benzenediol,CC1=CC(=CC(=C1O)C)O,AAY
Pentadecanoicacid,CCCCCCCCCCCCCCC(=O)O,AAZ
2-methyl-14-Benzenedicarboxaldehyde,CC1=C(C=CC(=C1)C=O)C=O,ABA
Apocynin,CC(=O)C1=CC(=C(C=C1)O)OC,ABB
23-dihydroBenzofuran,C1COC2=CC=CC=C21,ABC
25-dimethylPhenol,CC1=CC(=C(C=C1)C)O,ABD
Nonadecanoicacid,CCCCCCCCCCCCCCCCCCC(=O)O,ABE
Palmitoleicacid,CCCCCCC=CCCCCCCCC(=O)O,ABF
p-Cumenol,CC(C)C1=CC=C(C=C1)O,ABG
2-methyl-6-2-propenyl-Phenol,CC1=C(C(=CC=C1)CC=C)O,ABH
345-trimethyl-Phenol,CC1=CC(=CC(=C1C)C)O,ABI
Pentacos-1-ene,CCCCCCCCCCCCCCCCCCCCCCCC=C,ABJ
Octadecanoicacid,CCCCCCCCCCCCCCCCCC(=O)O,ABK
4-2-propenyl-Phenol,C=CCC1=CC=C(C=C1)O,ABL
5-methyl-2-Furancarboxaldehyde,CC1=CC=C(O1)C=O,ABM
236-trimethylPhenol,CC1=C(C(=C(C=C1)C)O)C,ABN
26-dimethylPhenol,CC1=C(C(=CC=C1)C)O,ABO
2-ethylPhenol,CCC1=CC=CC=C1O,ABP
10-Heneicosenect,CCCCCCCCCCC=CCCCCCCCCC,ABQ
1-Docosene,CCCCCCCCCCCCCCCCCCCCC=C,ABR
1-Dodecene,CCCCCCCCCCC=C,ABS
1-Heptadecene,CCCCCCCCCCCCCCCC=C,ABT
1-Nonadecene,CCCCCCCCCCCCCCCCCC=C,ABU
1-Octadecene,CCCCCCCCCCCCCCCCC=C,ABV
1-Pentadecene,CCCCCCCCCCCCCC=C,ABW
1-Tetracosene,CCCCCCCCCCCCCCCCCCCCCCC=C,ABX
1-Tetradecene,CCCCCCCCCCCCC=C,ABY
1-Tricosene,CCCCCCCCCCCCCCCCCCCCCC=C,ABZ
1-Tridecene,CCCCCCCCCCCC=C,ACA
1-Undecene,CCCCCCCCCC=C,ACB
2-Methoxy-6-methylphenol,CC1=C(C(=CC=C1)OC)O,ACC
3-EicoseneE-,CCCCCCCCCCCCCCCCC=CCC,ACD
Cetene,CCCCCCCCCCCCCCC=C,ACE
Docosane,CCCCCCCCCCCCCCCCCCCCCC,ACF
Dodecane,CCCCCCCCCCCC,ACG
Eicosane,CCCCCCCCCCCCCCCCCCCC,ACH
Eicosanoicacid,CCCCCCCCCCCCCCCCCCCC(=O)O,ACI
Heneicosane,CCCCCCCCCCCCCCCCCCCCC,ACJ
Heptacos-1-ene,CCCCCCCCCCCCCCCCCCCCCCCCCC=C,ACK
Heptadecane,CCCCCCCCCCCCCCCCC,ACL
Hexacosanal,CCCCCCCCCCCCCCCCCCCCCCCCCC=O,ACM
Hexacosanoicacid,CCCCCCCCCCCCCCCCCCCCCCCCCC(=O)O,ACN
Hexadecane,CCCCCCCCCCCCCCCC,ACO
Hexadecanoicacid,CCCCCCCCCCCCCCCC(=O)O,ACP
Nonadecane,CCCCCCCCCCCCCCCCCCC,ACQ
n-Tetracosanol-1,CCCCCCCCCCCCCCCCCCCCCCCCO,ACR
Octadecane,CCCCCCCCCCCCCCCCCC,ACS
Pentadecane,CCCCCCCCCCCCCCC,ACT
Stigmast-4-en-3-one,CCC(CCC(C)C1CCC2C1(CCC3C2CCC4=CC(=O)CCC34C)C)C(C)C,ACU
Stigmast-5-ene3-methoxy-3,CCC(CCC(C)C1CCC2C1(CCC3C2CC=C4C3(CCC(C4)OC)C)C)C(C)C,ACV
Tetracosanal,CCCCCCCCCCCCCCCCCCCCCCCC=O,ACW
Tetracosane,CCCCCCCCCCCCCCCCCCCCCCCC,ACX
Tetracosanoicacid,CCCCCCCCCCCCCCCCCCCCCCCC(=O)O,ACY
Tetracosanoicacidmethylester,CCCCCCCCCCCCCCCCCCCCCCCC(=O)OC,ACZ
Tetradecane,CCCCCCCCCCCCCC,ADA
Tricosane,CCCCCCCCCCCCCCCCCCCCCCC,ADB
Tridecane,CCCCCCCCCCCCC,ADC
test_decamer,OC(C)CC(=O)OC(C)CC(=O)OC(C)CC(=O)OC(C)CC(=O)OC(C)CC(=O)OC(C)CC(=O)OC(C)CC(=O)OC(C)CC(=O)OC(C)CC(=O)OC(C)CC(=O)O,ADD
caffeine,CN1C=NC2=C1C(=O)N(C(=O)N2C)C,ADE
caffeine-M,CCN1C(=O)C2=C(N=CN2C)N(C1=O)C,ADF
caftaric_acid,C1=CC(=C(C=C1C=CC(=O)OC(C(C(=O)O)O)C(=O)O)O)O,ADG
chitin_trimer,CC(=O)NC1C(OC(C(C1O)COCC2C(C(C(C(O2)CO)O)O)NC(=O)C)CO)COCC3C(OC(C(C3O)NC(=O)C)O)CO,ADH
head_chitin_trimer,hCC(=O)NC1C(OC(C(C1O)COCC2C(C(C(C(O2)CO)O)O)NC(=O)C)CO)COCC3C(OC(C(C3O)NC(=O)C)O)CO,hDH
mainchain_chitin_trimer,mCC(=O)NC1C(OC(C(C1O)COCC2C(C(C(C(O2)CO)O)O)NC(=O)C)CO)COCC3C(OC(C(C3O)NC(=O)C)O)CO,mDH
tail_chitin_trimer,tCC(=O)NC1C(OC(C(C1O)COCC2C(C(C(C(O2)CO)O)O)NC(=O)C)CO)COCC3C(OC(C(C3O)NC(=O)C)O)CO,tDH
PET_trimer,OCCOC(=O)c1ccc(cc1)C(=O)OCCOC(=O)c2ccc(cc2)C(=O)OCCOC(=O)c3ccc(C=O)cc3,ADI
head_PET_trimer,hOCCOC(=O)c1ccc(cc1)C(=O)OCCOC(=O)c2ccc(cc2)C(=O)OCCOC(=O)c3ccc(C=O)cc3,hDI
mainchain_PET_trimer,mOCCOC(=O)c1ccc(cc1)C(=O)OCCOC(=O)c2ccc(cc2)C(=O)OCCOC(=O)c3ccc(C=O)cc3,mDI
tail_PET_trimer,tOCCOC(=O)c1ccc(cc1)C(=O)OCCOC(=O)c2ccc(cc2)C(=O)OCCOC(=O)c3ccc(C=O)cc3,tDI
4HB,C(CC(=O)O)CO,ADJ
3HV,CCC(CC(=O)O)O,ADK
3HH,CCCC(CC(=O)O)O,ADL
3HHp,CCCCC(CC(=O)O)O,ADM
3H7PhHp,C1=CC=C(C=C1)CCCCC(CC(=O)O)O,ADN
3H5PHV,C1=CC=C(C=C1)CCC(CC(=O)O)O,ADO
3H6PhH,C1=CC=C(C=C1)CCCC(CC(=O)O)O,ADP
3H4PHB,C1=CC=C(C=C1)C(CC(=O)O)O,ADQ
3CnylB,C(C(C=O)O)C(=O)O,ADR
3CoxyP,C(C(C(=O)O)O)C(=O)O,ADS
3OHP,C(C(O)O)C(=O)O,ADT
3AP,C(C(N)O)C(=O)O,ADU
3BoylP,C1=CC=C(C=C1)C(=O)C(CC(=O)O)O,ADV
4HB_trimer,OCCCCC(=O)OCCCCC(=O)OCCCCC(=O)O,ADW
head_4HB_trimer,hOCCCCC(=O)OCCCCC(=O)OCCCCC(=O)O,hDW
mainchain_4HB_trimer,mOCCCCC(=O)OCCCCC(=O)OCCCCC(=O)O,mDW
tail_4HB_trimer,tOCCCCC(=O)OCCCCC(=O)OCCCCC(=O)O,tDW
P_trimer,,ZZZ
head_P_trimer,h,hZZ
mainchain_P_trimer,m,mZZ
tail_P_trimer,t,tZZ
n-Hexadecanoicacid,CCCCCCCCCCCCCCCC(=O)O,ZZX
Stigmast-5-ene3beta-methoxy-,CCC(CCC(C)C1CCC2C1(CCC3C2CC=C4C3(CCC(C4)OC)C)C)C(C)C,ZZY
,,
,,
3HV_trimer,OC(=O)CC(CC)OC(=O)CC(CC)OC(=O)CC(CC)O,ADY
head_3HV_trimer,hOC(=O)CC(CC)OC(=O)CC(CC)OC(=O)CC(CC)O,hDY
mainchain_3HV_trimer,mOC(=O)CC(CC)OC(=O)CC(CC)OC(=O)CC(CC)O,mDY
tail_3HV_trimer,tOC(=O)CC(CC)OC(=O)CC(CC)OC(=O)CC(CC)O,tDY
5HV_trimer,OC(=O)CCCCOC(=O)CCCCOC(=O)CCCCO,ADZ
head_5HV_trimer,hOC(=O)CCCCOC(=O)CCCCOC(=O)CCCCO,hDZ
mainchain_5HV_trimer,mOC(=O)CCCCOC(=O)CCCCOC(=O)CCCCO,mDZ
tail_5HV_trimer,tOC(=O)CCCCOC(=O)CCCCOC(=O)CCCCO,tDZ
6HHx_trimer,OC(=O)CCCCCOC(=O)CCCCCOC(=O)CCCCCO,AEA
7HHp_trimer,OC(=O)CCCCCCOC(=O)CCCCCCOC(=O)CCCCCCO,AEB
2HB_trimer,OC(=O)C(CC)OC(=O)C(CC)OC(=O)C(CC)O,AEC
2HP_trimer,OC(=O)C(C)OC(=O)C(C)OC(=O)C(C)O,AED
3HHx_trimer,OC(=O)CC(CCC)OC(=O)CC(CCC)OC(=O)CC(CCC)O,AEE
3HHp_trimer,OC(=O)CC(CCCC)OC(=O)CC(CCCC)OC(=O)CC(CCCC)O,AEF
3HO_trimer,OC(=O)CC(CCCCC)OC(=O)CC(CCCCC)OC(=O)CC(CCCCC)O,AEG
3HD_trimer,OC(=O)CC(CCCCCCC)OC(=O)CC(CCCCCCC)OC(=O)CC(CCCCCCC)O,AEH
3HDD_trimer,OC(=O)CC(CCCCCCCCC)OC(=O)CC(CCCCCCCCC)OC(=O)CC(CCCCCCCCC)O,AEI
head_6HHx_trimer,hOC(=O)CCCCCOC(=O)CCCCCOC(=O)CCCCCO,hEA
mainchain_6HHx_trimer,mOC(=O)CCCCCOC(=O)CCCCCOC(=O)CCCCCO,mEA
tail_6HHx_trimer,tOC(=O)CCCCCOC(=O)CCCCCOC(=O)CCCCCO,tEA
head_7HHp_trimer,hOC(=O)CCCCCCOC(=O)CCCCCCOC(=O)CCCCCCO,hEB
mainchain_7HHp_trimer,mOC(=O)CCCCCCOC(=O)CCCCCCOC(=O)CCCCCCO,mEB
tail_7HHp_trimer,tOC(=O)CCCCCCOC(=O)CCCCCCOC(=O)CCCCCCO,tEB
head_2HB_trimer,hOC(=O)C(CC)OC(=O)C(CC)OC(=O)C(CC)O,hEC
mainchain_2HB_trimer,mOC(=O)C(CC)OC(=O)C(CC)OC(=O)C(CC)O,mEC
tail_2HB_trimer,tOC(=O)C(CC)OC(=O)C(CC)OC(=O)C(CC)O,tEC
head_2HP_trimer,hOC(=O)C(C)OC(=O)C(C)OC(=O)C(C)O,hED
mainchain_2HP_trimer,mOC(=O)C(C)OC(=O)C(C)OC(=O)C(C)O,mED
tail_2HP_trimer,tOC(=O)C(C)OC(=O)C(C)OC(=O)C(C)O,tED
head_3HHx_trimer,hOC(=O)CC(CCC)OC(=O)CC(CCC)OC(=O)CC(CCC)O,hEE
mainchain_3HHx_trimer,mOC(=O)CC(CCC)OC(=O)CC(CCC)OC(=O)CC(CCC)O,mEE
tail_3HHx_trimer,tOC(=O)CC(CCC)OC(=O)CC(CCC)OC(=O)CC(CCC)O,tEE
head_3HHp_trimer,hOC(=O)CC(CCCC)OC(=O)CC(CCCC)OC(=O)CC(CCCC)O,hEF
mainchain_3HHp_trimer,mOC(=O)CC(CCCC)OC(=O)CC(CCCC)OC(=O)CC(CCCC)O,mEF
tail_3HHp_trimer,tOC(=O)CC(CCCC)OC(=O)CC(CCCC)OC(=O)CC(CCCC)O,tEF
head_3HO_trimer,hOC(=O)CC(CCCCC)OC(=O)CC(CCCCC)OC(=O)CC(CCCCC)O,hEG
mainchain_3HO_trimer,mOC(=O)CC(CCCCC)OC(=O)CC(CCCCC)OC(=O)CC(CCCCC)O,mEG
tail_3HO_trimer,tOC(=O)CC(CCCCC)OC(=O)CC(CCCCC)OC(=O)CC(CCCCC)O,tEG
3H4PhB_trimer,OC(=O)CC(CC1=CC=CC=C1)OC(=O)CC(CC1=CC=CC=C1)OC(=O)CC(CC1=CC=CC=C1)O,AEJ
3H5PhV_trimer,OC(=O)CC(CCC1=CC=CC=C1)OC(=O)CC(CCC1=CC=CC=C1)OC(=O)CC(CCC1=CC=CC=C1)O,AEK
3H6PhHx_trimer,OC(=O)CC(CCCC1=CC=CC=C1)OC(=O)CC(CCCC1=CC=CC=C1)OC(=O)CC(CCCC1=CC=CC=C1)O,AEL
3H7PhHp_trimer,OC(=O)CC(CCCCC1=CC=CC=C1)OC(=O)CC(CCCCC1=CC=CC=C1)OC(=O)CC(CCCCC1=CC=CC=C1)O,AEM
3H8PhO_trimer,OC(=O)CC(CCCCCC1=CC=CC=C1)OC(=O)CC(CCCCCC1=CC=CC=C1)OC(=O)CC(CCCCCC1=CC=CC=C1)O,AEN
3H4mMPxPB_trimer,OC(=O)CC(COC1=CC(C)=CC=C1)OC(=O)CC(COC1=CC(C)=CC=C1)OC(=O)CC(COC1=CC(C)=CC=C1)O,AEO
3H4pMPxPB_trimer,OC(=O)CC(COC1=CC=C(C)C=C1)OC(=O)CC(COC1=CC=C(C)C=C1)OC(=O)CC(COC1=CC=C(C)C=C1)O,AEP
3H5BzV_trimer,OC(=O)CC(CCC(=O)C1=CC=CC=C1)OC(=O)CC(CCC(=O)C1=CC=CC=C1)OC(=O)CC(CCC(=O)C1=CC=CC=C1)O,AEQ
3H5PxV_trimer,OC(=O)CC(CCOC1=CC=CC=C1)OC(=O)CC(CCOC1=CC=CC=C1)OC(=O)CC(CCOC1=CC=CC=C1)O,AER
3H5pFPxV_trimer,OC(=O)CC(CCOC1=CC=C(F)C=C1)OC(=O)CC(CCOC1=CC=C(F)C=C1)OC(=O)CC(CCOC1=CC=C(F)C=C1)O,AES
3H5opF2PxV_trimer,OC(=O)CC(CCOC1=CC(F)=CC(F)=C1)OC(=O)CC(CCOC1=CC(F)=CC(F)=C1)OC(=O)CC(CCOC1=CC(F)=CC(F)=C1)O,AET
3H6mMpXHx_trimer,OC(=O)CC(CCCOC1=CC(C)=CC=C1)OC(=O)CC(CCCOC1=CC(C)=CC=C1)OC(=O)CC(CCCOC1=CC(C)=CC=C1)O,AEU
3H6pMPxHx_trimer,OC(=O)CC(CCCOC1=CC=C(C)C=C1)OC(=O)CC(CCCOC1=CC=C(C)C=C1)OC(=O)CC(CCCOC1=CC=C(C)C=C1)O,AEV
3H7PxHp_trimer,OC(=O)CC(CCCCOC1=CC=CC=C1)OC(=O)CC(CCCCOC1=CC=CC=C1)OC(=O)CC(CCCCOC1=CC=CC=C1)O,AEW
3H7pFPxHp_trimer,OC(=O)CC(CCCCOC1=CC=C(F)C=C1)OC(=O)CC(CCCCOC1=CC=C(F)C=C1)OC(=O)CC(CCCCOC1=CC=C(F)C=C1)O,AEX
head_3HD_trimer,hOC(=O)CC(CCCCCCC)OC(=O)CC(CCCCCCC)OC(=O)CC(CCCCCCC)O,hEH
mainchain_3HD_trimer,mOC(=O)CC(CCCCCCC)OC(=O)CC(CCCCCCC)OC(=O)CC(CCCCCCC)O,mEH
tail_3HD_trimer,tOC(=O)CC(CCCCCCC)OC(=O)CC(CCCCCCC)OC(=O)CC(CCCCCCC)O,tEH
head_3HDD_trimer,hOC(=O)CC(CCCCCCCCC)OC(=O)CC(CCCCCCCCC)OC(=O)CC(CCCCCCCCC)O,hEI
mainchain_3HDD_trimer,mOC(=O)CC(CCCCCCCCC)OC(=O)CC(CCCCCCCCC)OC(=O)CC(CCCCCCCCC)O,mEI
tail_3HDD_trimer,tOC(=O)CC(CCCCCCCCC)OC(=O)CC(CCCCCCCCC)OC(=O)CC(CCCCCCCCC)O,tEI
head_3H4PhB_trimer,hOC(=O)CC(CC1=CC=CC=C1)OC(=O)CC(CC1=CC=CC=C1)OC(=O)CC(CC1=CC=CC=C1)O,hEJ
mainchain_3H4PhB_trimer,mOC(=O)CC(CC1=CC=CC=C1)OC(=O)CC(CC1=CC=CC=C1)OC(=O)CC(CC1=CC=CC=C1)O,mEJ
tail_3H4PhB_trimer,tOC(=O)CC(CC1=CC=CC=C1)OC(=O)CC(CC1=CC=CC=C1)OC(=O)CC(CC1=CC=CC=C1)O,tEJ
head_3H5PhV_trimer,hOC(=O)CC(CCC1=CC=CC=C1)OC(=O)CC(CCC1=CC=CC=C1)OC(=O)CC(CCC1=CC=CC=C1)O,hEK
mainchain_3H5PhV_trimer,mOC(=O)CC(CCC1=CC=CC=C1)OC(=O)CC(CCC1=CC=CC=C1)OC(=O)CC(CCC1=CC=CC=C1)O,mEK
tail_3H5PhV_trimer,tOC(=O)CC(CCC1=CC=CC=C1)OC(=O)CC(CCC1=CC=CC=C1)OC(=O)CC(CCC1=CC=CC=C1)O,tEK
head_3H6PhHx_trimer,hOC(=O)CC(CCCC1=CC=CC=C1)OC(=O)CC(CCCC1=CC=CC=C1)OC(=O)CC(CCCC1=CC=CC=C1)O,hEL
mainchain_3H6PhHx_trimer,mOC(=O)CC(CCCC1=CC=CC=C1)OC(=O)CC(CCCC1=CC=CC=C1)OC(=O)CC(CCCC1=CC=CC=C1)O,mEL
tail_3H6PhHx_trimer,tOC(=O)CC(CCCC1=CC=CC=C1)OC(=O)CC(CCCC1=CC=CC=C1)OC(=O)CC(CCCC1=CC=CC=C1)O,tEL
head_3H7PhHp_trimer,hOC(=O)CC(CCCCC1=CC=CC=C1)OC(=O)CC(CCCCC1=CC=CC=C1)OC(=O)CC(CCCCC1=CC=CC=C1)O,hEM
mainchain_3H7PhHp_trimer,mOC(=O)CC(CCCCC1=CC=CC=C1)OC(=O)CC(CCCCC1=CC=CC=C1)OC(=O)CC(CCCCC1=CC=CC=C1)O,mEM
tail_3H7PhHp_trimer,tOC(=O)CC(CCCCC1=CC=CC=C1)OC(=O)CC(CCCCC1=CC=CC=C1)OC(=O)CC(CCCCC1=CC=CC=C1)O,tEM
head_3H8PhO_trimer,hOC(=O)CC(CCCCCC1=CC=CC=C1)OC(=O)CC(CCCCCC1=CC=CC=C1)OC(=O)CC(CCCCCC1=CC=CC=C1)O,hEN
mainchain_3H8PhO_trimer,mOC(=O)CC(CCCCCC1=CC=CC=C1)OC(=O)CC(CCCCCC1=CC=CC=C1)OC(=O)CC(CCCCCC1=CC=CC=C1)O,mEN
tail_3H8PhO_trimer,tOC(=O)CC(CCCCCC1=CC=CC=C1)OC(=O)CC(CCCCCC1=CC=CC=C1)OC(=O)CC(CCCCCC1=CC=CC=C1)O,tEN
head_3H4mMPxPB_trimer,hOC(=O)CC(COC1=CC(C)=CC=C1)OC(=O)CC(COC1=CC(C)=CC=C1)OC(=O)CC(COC1=CC(C)=CC=C1)O,hEO
mainchain_3H4mMPxPB_trimer,mOC(=O)CC(COC1=CC(C)=CC=C1)OC(=O)CC(COC1=CC(C)=CC=C1)OC(=O)CC(COC1=CC(C)=CC=C1)O,mEO
tail_3H4mMPxPB_trimer,tOC(=O)CC(COC1=CC(C)=CC=C1)OC(=O)CC(COC1=CC(C)=CC=C1)OC(=O)CC(COC1=CC(C)=CC=C1)O,tEO
head_3H4pMPxPB_trimer,hOC(=O)CC(COC1=CC=C(C)C=C1)OC(=O)CC(COC1=CC=C(C)C=C1)OC(=O)CC(COC1=CC=C(C)C=C1)O,hEP
mainchain_3H4pMPxPB_trimer,mOC(=O)CC(COC1=CC=C(C)C=C1)OC(=O)CC(COC1=CC=C(C)C=C1)OC(=O)CC(COC1=CC=C(C)C=C1)O,mEP
tail_3H4pMPxPB_trimer,tOC(=O)CC(COC1=CC=C(C)C=C1)OC(=O)CC(COC1=CC=C(C)C=C1)OC(=O)CC(COC1=CC=C(C)C=C1)O,tEP
head_3H5BzV_trimer,hOC(=O)CC(CCC(=O)C1=CC=CC=C1)OC(=O)CC(CCC(=O)C1=CC=CC=C1)OC(=O)CC(CCC(=O)C1=CC=CC=C1)O,hEQ
mainchain_3H5BzV_trimer,mOC(=O)CC(CCC(=O)C1=CC=CC=C1)OC(=O)CC(CCC(=O)C1=CC=CC=C1)OC(=O)CC(CCC(=O)C1=CC=CC=C1)O,mEQ
tail_3H5BzV_trimer,tOC(=O)CC(CCC(=O)C1=CC=CC=C1)OC(=O)CC(CCC(=O)C1=CC=CC=C1)OC(=O)CC(CCC(=O)C1=CC=CC=C1)O,tEQ
head_3H5PxV_trimer,hOC(=O)CC(CCOC1=CC=CC=C1)OC(=O)CC(CCOC1=CC=CC=C1)OC(=O)CC(CCOC1=CC=CC=C1)O,hER
mainchain_3H5PxV_trimer,mOC(=O)CC(CCOC1=CC=CC=C1)OC(=O)CC(CCOC1=CC=CC=C1)OC(=O)CC(CCOC1=CC=CC=C1)O,mER
tail_3H5PxV_trimer,tOC(=O)CC(CCOC1=CC=CC=C1)OC(=O)CC(CCOC1=CC=CC=C1)OC(=O)CC(CCOC1=CC=CC=C1)O,tER
head_3H5pFPxV_trimer,hOC(=O)CC(CCOC1=CC=C(F)C=C1)OC(=O)CC(CCOC1=CC=C(F)C=C1)OC(=O)CC(CCOC1=CC=C(F)C=C1)O,hES
mainchain_3H5pFPxV_trimer,mOC(=O)CC(CCOC1=CC=C(F)C=C1)OC(=O)CC(CCOC1=CC=C(F)C=C1)OC(=O)CC(CCOC1=CC=C(F)C=C1)O,mES
tail_3H5pFPxV_trimer,tOC(=O)CC(CCOC1=CC=C(F)C=C1)OC(=O)CC(CCOC1=CC=C(F)C=C1)OC(=O)CC(CCOC1=CC=C(F)C=C1)O,tES
head_3H5opF2PxV_trimer,hOC(=O)CC(CCOC1=CC(F)=CC(F)=C1)OC(=O)CC(CCOC1=CC(F)=CC(F)=C1)OC(=O)CC(CCOC1=CC(F)=CC(F)=C1)O,hET
mainchain_3H5opF2PxV_trimer,mOC(=O)CC(CCOC1=CC(F)=CC(F)=C1)OC(=O)CC(CCOC1=CC(F)=CC(F)=C1)OC(=O)CC(CCOC1=CC(F)=CC(F)=C1)O,mET
tail_3H5opF2PxV_trimer,tOC(=O)CC(CCOC1=CC(F)=CC(F)=C1)OC(=O)CC(CCOC1=CC(F)=CC(F)=C1)OC(=O)CC(CCOC1=CC(F)=CC(F)=C1)O,tET
head_3H6mMpXHx_trimer,hOC(=O)CC(CCCOC1=CC(C)=CC=C1)OC(=O)CC(CCCOC1=CC(C)=CC=C1)OC(=O)CC(CCCOC1=CC(C)=CC=C1)O,hEU
mainchain_3H6mMpXHx_trimer,mOC(=O)CC(CCCOC1=CC(C)=CC=C1)OC(=O)CC(CCCOC1=CC(C)=CC=C1)OC(=O)CC(CCCOC1=CC(C)=CC=C1)O,mEU
tail_3H6mMpXHx_trimer,tOC(=O)CC(CCCOC1=CC(C)=CC=C1)OC(=O)CC(CCCOC1=CC(C)=CC=C1)OC(=O)CC(CCCOC1=CC(C)=CC=C1)O,tEU
head_3H6pMPxHx_trimer,hOC(=O)CC(CCCOC1=CC=C(C)C=C1)OC(=O)CC(CCCOC1=CC=C(C)C=C1)OC(=O)CC(CCCOC1=CC=C(C)C=C1)O,hEV
mainchain_3H6pMPxHx_trimer,mOC(=O)CC(CCCOC1=CC=C(C)C=C1)OC(=O)CC(CCCOC1=CC=C(C)C=C1)OC(=O)CC(CCCOC1=CC=C(C)C=C1)O,mEV
tail_3H6pMPxHx_trimer,tOC(=O)CC(CCCOC1=CC=C(C)C=C1)OC(=O)CC(CCCOC1=CC=C(C)C=C1)OC(=O)CC(CCCOC1=CC=C(C)C=C1)O,tEV
head_3H7PxHp_trimer,hOC(=O)CC(CCCCOC1=CC=CC=C1)OC(=O)CC(CCCCOC1=CC=CC=C1)OC(=O)CC(CCCCOC1=CC=CC=C1)O,hEW
mainchain_3H7PxHp_trimer,mOC(=O)CC(CCCCOC1=CC=CC=C1)OC(=O)CC(CCCCOC1=CC=CC=C1)OC(=O)CC(CCCCOC1=CC=CC=C1)O,mEW
tail_3H7PxHp_trimer,tOC(=O)CC(CCCCOC1=CC=CC=C1)OC(=O)CC(CCCCOC1=CC=CC=C1)OC(=O)CC(CCCCOC1=CC=CC=C1)O,tEW
head_3H7pFPxHp_trimer,hOC(=O)CC(CCCCOC1=CC=C(F)C=C1)OC(=O)CC(CCCCOC1=CC=C(F)C=C1)OC(=O)CC(CCCCOC1=CC=C(F)C=C1)O,hEX
mainchain_3H7pFPxHp_trimer,mOC(=O)CC(CCCCOC1=CC=C(F)C=C1)OC(=O)CC(CCCCOC1=CC=C(F)C=C1)OC(=O)CC(CCCCOC1=CC=C(F)C=C1)O,mEX
tail_3H7pFPxHp_trimer,tOC(=O)CC(CCCCOC1=CC=C(F)C=C1)OC(=O)CC(CCCCOC1=CC=C(F)C=C1)OC(=O)CC(CCCCOC1=CC=C(F)C=C1)O,tEX
3H4MeV_trimer,OC(=O)CC(C(C)C)OC(=O)CC(C(C)C)OC(=O)CC(C(C)C)O,AEY
head_3H4MeV_trimer,hOC(=O)CC(C(C)C)OC(=O)CC(C(C)C)OC(=O)CC(C(C)C)O,hEY
mainchain_3H4MeV_trimer,mOC(=O)CC(C(C)C)OC(=O)CC(C(C)C)OC(=O)CC(C(C)C)O,mEY
tail_3H4MeV_trimer,tOC(=O)CC(C(C)C)OC(=O)CC(C(C)C)OC(=O)CC(C(C)C)O,tEY
3H3PhP_trimer,OC(=O)CC(C1=CC=CC=C1)OC(=O)CC(C1=CC=CC=C1)OC(=O)CC(C1=CC=CC=C1)O,ADX
head_3H3PhP_trimer,hOC(=O)CC(C1=CC=CC=C1)OC(=O)CC(C1=CC=CC=C1)OC(=O)CC(C1=CC=CC=C1)O,hDX
mainchain_3H3PhP_trimer,mOC(=O)CC(C1=CC=CC=C1)OC(=O)CC(C1=CC=CC=C1)OC(=O)CC(C1=CC=CC=C1)O,mDX
tail_3H3PhP_trimer,tOC(=O)CC(C1=CC=CC=C1)OC(=O)CC(C1=CC=CC=C1)OC(=O)CC(C1=CC=CC=C1)O,tDX
acetyl_cellulose_trimer,O[C@@H]1[C@@H]([C@H]([C@@H]([C@@H](CO)O1)O[C@@H]1O[C@H](COC(=O)C)[C@H]([C@H](O)[C@H]1O)O[C@@H]1O[C@H](CO)[C@@H](O)[C@H](O)[C@H]1O)O)O,AEZ
head_acetyl_cellulose_trimer,hO[C@@H]1[C@@H]([C@H]([C@@H]([C@@H](CO)O1)O[C@@H]1O[C@H](COC(=O)C)[C@H]([C@H](O)[C@H]1O)O[C@@H]1O[C@H](CO)[C@@H](O)[C@H](O)[C@H]1O)O)O,hEZ
mainchain_acetyl_cellulose_trimer,mO[C@@H]1[C@@H]([C@H]([C@@H]([C@@H](CO)O1)O[C@@H]1O[C@H](COC(=O)C)[C@H]([C@H](O)[C@H]1O)O[C@@H]1O[C@H](CO)[C@@H](O)[C@H](O)[C@H]1O)O)O,mEZ
tail_acetyl_cellulose_trimer,tO[C@@H]1[C@@H]([C@H]([C@@H]([C@@H](CO)O1)O[C@@H]1O[C@H](COC(=O)C)[C@H]([C@H](O)[C@H]1O)O[C@@H]1O[C@H](CO)[C@@H](O)[C@H](O)[C@H]1O)O)O,tEZ
3H5pMePxV_trimer,OC(=O)CC(CCOC1=CC=C(C)C=C1)OC(=O)CC(CCOC1=CC=C(C)C=C1)OC(=O)CC(CCOC1=CC=C(C)C=C1)O,AFA
3CnylB_trimer,OC(CC(=O)OC(CC(=O)OC(CC(O)=O)C=O)C=O)C=O,AFB
head_3CnylB_trimer,hOC(CC(=O)OC(CC(=O)OC(CC(O)=O)C=O)C=O)C=O,hFB
mainchain_3CnylB_trimer,mOC(CC(=O)OC(CC(=O)OC(CC(O)=O)C=O)C=O)C=O,mFB
tail_3CnylB_trimer,tOC(CC(=O)OC(CC(=O)OC(CC(O)=O)C=O)C=O)C=O,tFB
3CoxyP_trimer,C(C(C(=O)O)O)C(=O)OC(CC(=O)OC(CC(=O)O)C(=O)O)C(=O)O,AFC
head_3CoxyP_trimer,hC(C(C(=O)O)O)C(=O)OC(CC(=O)OC(CC(=O)O)C(=O)O)C(=O)O,hFC
mainchain_3CoxyP_trimer,mC(C(C(=O)O)O)C(=O)OC(CC(=O)OC(CC(=O)O)C(=O)O)C(=O)O,mFC
tail_3CoxyP_trimer,tC(C(C(=O)O)O)C(=O)OC(CC(=O)OC(CC(=O)O)C(=O)O)C(=O)O,tFC
3BoylP_trimer,OC(CC(=O)OC(CC(=O)OC(CC(O)=O)C(=O)c1ccccc1)C(=O)c2ccccc2)C(=O)c3ccccc3,AFD
head_3BoylP_trimer,hOC(CC(=O)OC(CC(=O)OC(CC(O)=O)C(=O)c1ccccc1)C(=O)c2ccccc2)C(=O)c3ccccc3,hFD
mainchain_3BoylP_trimer,mOC(CC(=O)OC(CC(=O)OC(CC(O)=O)C(=O)c1ccccc1)C(=O)c2ccccc2)C(=O)c3ccccc3,mFD
tail_3BoylP_trimer,tOC(CC(=O)OC(CC(=O)OC(CC(O)=O)C(=O)c1ccccc1)C(=O)c2ccccc2)C(=O)c3ccccc3,tFD
3OHP_trimer,OC(O)CC(=O)OC(O)CC(=O)OC(O)CC(O)=O,AFE
head_3OHP_trimer,hOC(O)CC(=O)OC(O)CC(=O)OC(O)CC(O)=O,hFE
mainchain_3OHP_trimer,mOC(O)CC(=O)OC(O)CC(=O)OC(O)CC(O)=O,mFE
tail_3OHP_trimer,tOC(O)CC(=O)OC(O)CC(=O)OC(O)CC(O)=O,tFE
3AP_trimer,NC(O)CC(=O)OC(N)CC(=O)OC(N)CC(O)=O,AFF
head_3AP_trimer,hNC(O)CC(=O)OC(N)CC(=O)OC(N)CC(O)=O,hFF
mainchain_3AP_trimer,mNC(O)CC(=O)OC(N)CC(=O)OC(N)CC(O)=O,mFF
tail_3AP_trimer,tNC(O)CC(=O)OC(N)CC(=O)OC(N)CC(O)=O,tFF
head_3H5pMePxV_trimer,hOC(=O)CC(CCOC1=CC=C(C)C=C1)OC(=O)CC(CCOC1=CC=C(C)C=C1)OC(=O)CC(CCOC1=CC=C(C)C=C1)O,hFA
mainchain_3H5pMePxV_trimer,mOC(=O)CC(CCOC1=CC=C(C)C=C1)OC(=O)CC(CCOC1=CC=C(C)C=C1)OC(=O)CC(CCOC1=CC=C(C)C=C1)O,mFA
tail_3H5pMePxV_trimer,tOC(=O)CC(CCOC1=CC=C(C)C=C1)OC(=O)CC(CCOC1=CC=C(C)C=C1)OC(=O)CC(CCOC1=CC=C(C)C=C1)O,tFA
